Name,Age,Tm,W,L,ERA,G,GS,GF?,SV,IP,H,R,ER,HR,BB,SO,BF,WHIP,HR9
Jeurys Familia,26,NYM,3,4,2.55,78,0,67,51,77.2,63,25,22,1,31,84,321,1.210,0.1
Mark Melancon,31,TOT,2,2,1.64,75,0,67,47,71.1,52,16,13,3,12,65,270,0.897,0.4
Zach Britton*,28,BAL,2,1,0.54,69,0,63,47,67.0,38,7,4,1,18,74,254,0.836,0.1
Kenley Jansen,28,LAD,3,2,1.83,71,0,63,47,68.2,35,14,14,4,11,104,251,0.670,0.5
Roberto Osuna,21,TOR,4,3,2.68,72,0,61,36,74.0,55,23,22,9,14,82,288,0.932,1.1
Jeanmar Gomez,28,PHI,3,5,4.85,70,0,59,37,68.2,78,38,37,6,22,47,297,1.456,0.8
Francisco Rodriguez,34,DET,3,4,3.24,61,0,55,44,58.1,45,24,21,6,21,52,235,1.131,0.9
Cody Allen,27,CLE,3,5,2.51,67,0,55,32,68.0,41,23,19,8,27,87,264,1.000,1.1
Sam Dyson,28,TEX,3,2,2.43,73,0,53,38,70.1,63,19,19,5,23,55,285,1.223,0.6
Ryan Madson,35,OAK,6,7,3.62,63,0,53,30,64.2,63,27,26,7,20,49,270,1.284,1.0
A.J. Ramos,29,MIA,1,4,2.81,67,0,52,40,64.0,52,21,20,1,35,73,278,1.359,0.1
Aroldis Chapman*,28,TOT,4,1,1.55,59,0,52,36,58.0,32,12,10,2,18,90,222,0.862,0.3
Alex Colome,27,TBR,2,4,1.91,57,0,48,37,56.2,43,12,12,6,15,71,226,1.024,1.0
David Robertson,31,CHW,5,3,3.47,62,0,48,37,62.1,53,24,24,6,32,75,267,1.364,0.9
Craig Kimbrel,28,BOS,2,6,3.40,57,0,47,31,53.0,28,22,20,4,30,83,220,1.094,0.7
Santiago Casilla,35,SFG,2,5,3.57,62,0,44,31,58.0,50,23,23,8,19,65,241,1.190,1.2
Brad Ziegler,36,TOT,4,7,2.25,69,0,42,22,68.0,67,21,17,2,26,58,289,1.368,0.3
Jeremy Jeffress,28,TOT,3,2,2.33,59,0,41,27,58.0,55,17,15,2,18,42,241,1.259,0.3
Fernando Rodney,39,TOT,2,4,3.44,67,0,41,25,65.1,54,27,25,5,37,74,283,1.393,0.7
Wade Davis,30,KCR,2,1,1.87,45,0,40,27,43.1,33,9,9,0,16,47,176,1.131,0.0
Steve Cishek,30,SEA,4,6,2.81,62,0,40,25,64.0,44,21,20,8,21,76,258,1.016,1.1
Jim Johnson,33,ATL,2,6,3.06,65,0,36,20,64.2,57,23,22,3,20,68,266,1.191,0.4
Brandon Kintzler,31,MIN,0,2,3.15,54,0,36,17,54.1,59,22,19,5,8,35,224,1.233,0.8
Brandon Maurer,25,SDP,0,5,4.52,71,0,36,13,69.2,65,37,35,7,23,72,300,1.263,0.9
Seung-hwan Oh,33,STL,6,3,1.92,76,0,35,19,79.2,55,20,17,5,18,103,313,0.916,0.6
Hector Rondon,28,CHC,2,3,3.53,54,0,35,18,51.0,42,20,20,8,8,58,200,0.980,1.4
Tony Cingrani*,26,CIN,2,5,4.14,65,0,34,17,63.0,54,30,29,5,37,49,271,1.444,0.7
Ross Ohlendorf,33,CIN,5,7,4.66,64,0,34,2,65.2,59,35,34,14,32,68,290,1.386,1.9
Jonathan Papelbon,35,WSN,2,4,4.37,37,0,30,19,35.0,37,18,17,3,14,31,152,1.457,0.8
Tony Watson*,31,PIT,2,5,3.06,70,0,27,15,67.2,52,26,23,10,20,58,272,1.064,1.3
Trevor Rosenthal,26,STL,2,4,4.46,45,0,27,14,40.1,48,22,20,3,29,56,197,1.909,0.7
Carlos Estevez,23,COL,3,7,5.24,63,0,26,11,55.0,50,32,32,6,28,59,246,1.418,1.0
Shawn Kelley,32,WSN,3,2,2.64,67,0,26,7,58.0,41,19,17,9,11,80,224,0.897,1.4
Mark Lowe,33,DET,1,3,7.11,54,0,26,0,49.1,57,41,39,12,21,49,224,1.581,2.2
Luke Gregerson,32,HOU,4,3,3.28,59,0,25,15,57.2,38,23,21,5,18,67,230,0.971,0.8
Jake McGee*,29,COL,2,3,4.73,57,0,25,15,45.2,56,25,24,9,16,38,205,1.577,1.8
Ken Giles,25,HOU,2,5,4.11,69,0,24,15,65.2,60,32,30,8,25,102,286,1.294,1.1
Arodys Vizcaino,25,ATL,1,4,4.42,43,0,24,10,38.2,37,25,19,3,26,50,182,1.629,0.7
Kevin Jepsen,31,TOT,2,6,5.98,58,0,24,7,49.2,62,35,33,12,21,35,224,1.671,2.2
Fernando Salas,31,TOT,3,7,3.91,75,0,24,6,73.2,63,32,32,12,19,64,293,1.113,1.5
Dustin McGowan,34,MIA,1,3,2.82,55,0,24,1,67.0,49,26,21,7,33,63,279,1.224,0.9
Chien-Ming Wang,36,KCR,6,0,4.22,38,0,24,0,53.1,60,27,25,6,18,30,231,1.463,1.0
Edwin Diaz,22,SEA,0,4,2.79,49,0,23,18,51.2,45,16,16,5,15,88,217,1.161,0.9
Tyler Thornburg,27,MIL,8,5,2.15,67,0,23,13,67.0,38,19,16,6,25,90,263,0.940,0.8
Kelvin Herrera,26,KCR,2,6,2.75,72,0,23,12,72.0,57,23,22,6,12,86,283,0.958,0.8
Andrew Miller*,31,TOT,10,1,1.45,70,0,23,12,74.1,42,13,12,8,9,123,275,0.686,1.0
Michael Tonkin,26,MIN,3,2,5.02,65,0,23,0,71.2,80,46,40,13,24,80,315,1.451,1.6
Huston Street,32,LAA,3,2,6.45,26,0,21,9,22.1,31,16,16,5,12,14,105,1.925,2.0
LgAvg per 180 IP,,,10,10,4.21,86,20,21,6,180,176,91,84,24,64,162,768,1.331,1.2
Blake Wood,30,CIN,6,5,3.99,70,0,21,1,76.2,72,38,34,9,38,81,330,1.435,1.1
Dellin Betances,28,NYY,3,6,3.08,73,0,20,12,73.0,54,31,25,5,28,126,299,1.123,0.6
Dan Otero,31,CLE,5,1,1.53,62,0,20,1,70.2,54,14,12,2,10,57,269,0.906,0.3
Will Harris,31,HOU,1,2,2.25,66,0,19,12,64.0,52,17,16,3,15,69,255,1.047,0.4
Shawn Tolleson,28,TEX,2,2,7.68,37,0,19,11,36.1,53,32,31,8,10,29,168,1.734,2.0
Adam Ottavino,30,COL,1,3,2.67,34,0,19,7,27.0,18,9,8,3,7,35,107,0.926,1.0
Joe Smith,32,TOT,2,5,3.46,54,0,19,6,52.0,47,20,20,8,18,40,217,1.250,1.4
Jared Hughes,30,PIT,1,1,3.03,67,0,18,1,59.1,62,24,20,6,22,34,257,1.416,0.9
Joakim Soria,32,KCR,5,8,4.05,70,0,18,1,66.2,70,31,30,10,27,68,293,1.455,1.4
Mike Montgomery*,26,TOT,4,5,2.52,49,7,18,0,100.0,79,33,28,8,38,92,414,1.170,0.7
Daniel Hudson,29,ARI,3,2,5.22,70,0,17,5,60.1,65,40,35,6,22,58,268,1.442,0.9
Tyler Clippard,31,TOT,4,6,3.57,69,0,17,3,63.0,54,27,25,10,26,72,262,1.270,1.4
Kevin Quackenbush,27,SDP,7,7,3.92,60,0,17,2,59.2,55,27,26,8,22,42,253,1.291,1.2
Blaine Boyer,34,MIL,2,4,3.95,61,0,17,1,66.0,80,30,29,4,17,26,282,1.470,0.5
Blake Treinen,28,WSN,4,1,2.28,73,0,17,1,67.0,51,19,17,5,31,63,263,1.224,0.7
A.J. Achter,27,LAA,1,0,3.11,27,0,17,0,37.2,43,13,13,7,12,14,160,1.460,1.7
Michael Feliz,23,HOU,8,1,4.43,47,0,17,0,65.0,55,33,32,10,22,95,270,1.185,1.4
George Kontos,31,SFG,3,2,2.53,57,0,17,0,53.1,42,19,15,3,20,35,216,1.163,0.5
Brad Brach,30,BAL,10,4,2.05,71,0,16,2,79.0,57,23,18,7,25,92,311,1.038,0.8
J.C. Ramirez,27,TOT,3,4,4.35,70,0,16,2,78.2,77,41,38,12,22,59,335,1.258,1.4
Enrique Burgos,25,ARI,1,2,5.66,43,0,16,1,41.1,38,27,26,5,23,43,178,1.476,1.1
Chris Devenski,25,HOU,4,4,2.16,48,5,16,1,108.1,79,26,26,4,20,104,408,0.914,0.3
Brad Hand*,26,SDP,4,4,2.92,82,0,16,1,89.1,63,32,29,8,36,111,364,1.108,0.8
David Hernandez,31,PHI,3,4,3.84,70,0,16,1,72.2,77,31,31,11,32,80,322,1.500,1.4
Tommy Layne*,31,TOT,2,1,3.63,63,0,16,1,44.2,37,18,18,3,21,38,187,1.299,0.6
Yusmeiro Petit,31,WSN,3,5,4.50,36,1,16,1,62.0,67,33,31,12,15,49,265,1.323,1.7
Trevor Cahill,28,CHC,4,4,2.74,50,1,16,0,65.2,49,22,20,7,35,66,284,1.279,1.0
Travis Wood*,29,CHC,4,0,2.95,77,0,16,0,61.0,45,24,20,8,24,47,252,1.131,1.2
Raisel Iglesias,26,CIN,3,2,2.53,37,5,15,6,78.1,63,22,22,7,26,83,325,1.136,0.8
Nick Vincent,29,SEA,4,4,3.73,60,0,15,3,60.1,53,26,25,11,15,65,247,1.127,1.6
Fernando Abad*,30,TOT,1,6,3.66,57,0,15,1,46.2,40,20,19,4,22,41,198,1.329,0.8
Matt Bush,30,TEX,7,2,2.48,58,0,15,1,61.2,44,18,17,4,14,61,243,0.941,0.6
Dan Jennings*,29,CHW,4,3,2.08,64,0,15,1,60.2,57,18,14,1,28,46,259,1.401,0.1
Hansel Robles,25,NYM,6,4,3.48,68,0,15,1,77.2,69,32,30,7,36,85,331,1.352,0.8
Enny Romero*,25,TBR,2,0,5.91,52,0,15,1,45.2,42,31,30,7,28,50,204,1.533,1.4
Joe Blanton,35,LAD,7,2,2.48,75,0,15,0,80.0,55,23,22,7,26,80,315,1.013,0.8
Alex Claudio*,24,TEX,4,1,2.79,39,0,15,0,51.2,55,19,16,2,10,34,217,1.258,0.3
Marc Rzepczynski*,30,TOT,1,0,2.64,70,0,15,0,47.2,46,17,14,1,29,46,215,1.573,0.2
Andrew Bailey,32,TOT,3,1,5.36,45,0,14,6,43.2,41,26,26,7,17,41,190,1.328,1.4
Jake Diekman*,29,TEX,4,2,3.40,66,0,14,4,53.0,36,22,20,4,26,59,221,1.170,0.7
Jason Grilli,39,TOT,7,6,4.12,67,0,14,4,59.0,44,28,27,10,32,81,251,1.288,1.5
Drew Storen,28,TOT,4,3,5.23,57,0,14,3,51.2,56,30,30,7,13,48,228,1.335,1.2
Hunter Strickland,27,SFG,3,3,3.10,72,0,14,3,61.0,50,21,21,4,19,57,250,1.131,0.6
Ryan Garton,26,TBR,1,2,4.35,37,0,14,1,39.1,44,20,19,5,11,33,171,1.398,1.1
Brett Oberholtzer*,26,TOT,3,3,5.89,37,2,14,1,70.1,85,47,46,18,29,54,321,1.621,2.3
Jonathan Broxton,32,STL,4,2,4.30,66,0,14,0,60.2,52,32,29,7,24,57,259,1.253,1.0
Randall Delgado,26,ARI,5,2,4.44,79,0,14,0,75.0,77,39,37,8,36,68,337,1.507,1.0
Vidal Nuno*,28,SEA,1,1,3.53,55,1,14,0,58.2,67,23,23,11,11,51,247,1.330,1.7
Chad Qualls,37,COL,2,0,5.23,44,0,14,0,32.2,43,22,19,5,9,22,152,1.592,1.4
Kyle Ryan*,24,DET,4,2,3.07,56,0,14,0,55.2,48,21,19,2,15,35,226,1.132,0.3
Sean Doolittle*,29,OAK,2,3,3.23,44,0,13,4,39.0,33,14,14,6,8,45,155,1.051,1.4
Sergio Romo,33,SFG,1,0,2.64,40,0,13,4,30.2,26,9,9,5,7,33,117,1.076,1.5
John Axford,33,OAK,6,4,3.97,68,0,13,3,65.2,65,30,29,6,30,60,289,1.447,0.8
Zach Duke*,33,TOT,2,1,2.36,81,0,13,2,61.0,48,16,16,2,29,68,258,1.262,0.3
Hector Neris,27,PHI,4,4,2.58,79,0,13,2,80.1,59,26,23,9,30,102,328,1.108,1.0
Erasmo Ramirez,26,TBR,7,11,3.77,64,1,13,2,90.2,90,39,38,14,26,63,378,1.279,1.4
Matt Barnes,26,BOS,4,3,4.05,62,0,13,1,66.2,62,32,30,6,31,71,287,1.395,0.8
Addison Reed,27,NYM,4,2,1.97,80,0,13,1,77.2,60,18,17,4,13,91,304,0.940,0.5
Tony Sipp*,32,HOU,1,2,4.95,60,0,13,1,43.2,52,26,24,12,18,40,195,1.603,2.5
Vance Worley,28,BAL,2,2,3.53,35,4,13,1,86.2,84,37,34,11,35,56,365,1.373,1.1
Scott Feldman,33,TOT,7,4,3.97,40,5,13,0,77.0,87,42,34,10,19,56,338,1.377,1.2
Seth Maness,27,STL,2,2,3.41,29,0,13,0,31.2,34,14,12,2,8,16,134,1.326,0.6
Justin Miller,29,COL,1,1,5.70,40,0,13,0,42.2,50,27,27,6,20,45,194,1.641,1.3
Ryan Tepera,28,TOR,0,1,2.95,20,0,13,0,18.1,17,8,6,1,8,18,85,1.364,0.5
Koji Uehara,41,BOS,2,3,3.45,50,0,12,7,47.0,34,18,18,8,11,63,184,0.957,1.5
Jake Barrett,24,ARI,1,2,3.49,68,0,12,4,59.1,47,25,23,6,28,56,250,1.264,0.9
Carlos Torres,33,MIL,3,3,2.73,72,0,12,2,82.1,65,26,25,8,30,78,339,1.154,0.9
Joe Biagini,26,TOR,4,3,3.06,60,0,12,1,67.2,69,28,23,3,19,62,295,1.300,0.4
Tommy Kahnle,26,CHW,0,1,2.63,29,0,12,1,27.1,21,8,8,2,20,25,119,1.500,0.7
Derek Law,25,SFG,4,2,2.13,61,0,12,1,55.0,44,13,13,3,9,50,214,0.964,0.5
Jose Alvarez*,27,LAA,1,3,3.45,64,0,12,0,57.1,71,29,22,4,15,51,256,1.500,0.6
Matthew Bowman,25,STL,2,5,3.46,59,0,12,0,67.2,59,31,26,4,20,52,281,1.167,0.5
Josh Fields,30,TOT,1,0,4.63,37,0,12,0,35.0,43,22,18,4,11,42,158,1.543,1.0
Severino Gonzalez,23,PHI,1,2,5.60,27,0,12,0,35.1,40,22,22,4,7,34,151,1.330,1.0
Steve Johnson,28,SEA,1,0,4.32,16,0,12,0,16.2,13,8,8,3,11,17,75,1.440,1.6
Jhan Marinez,27,TOT,0,1,3.18,46,0,12,0,62.1,62,25,22,4,21,50,269,1.332,0.6
Rob Scahill,29,TOT,0,0,3.38,31,0,12,0,34.2,34,14,13,2,9,27,147,1.240,0.5
Nate Jones,30,CHW,5,3,2.29,71,0,11,3,70.2,48,20,18,7,15,80,274,0.892,0.9
Kevin Siegrist*,26,STL,6,3,2.77,67,0,11,3,61.2,42,20,19,10,26,66,248,1.103,1.5
Arquimedes Caminero,29,TOT,2,3,3.56,57,0,11,1,60.2,67,31,24,7,33,50,280,1.648,1.0
Felipe Rivero*,24,TOT,1,6,4.09,75,0,11,1,77.0,66,39,35,7,33,92,327,1.286,0.8
A.J. Schugel,27,PIT,2,2,3.63,36,0,11,1,52.0,41,22,21,4,13,46,204,1.038,0.7
Chasen Shreve*,25,NYY,2,1,5.18,37,0,11,1,33.0,29,19,19,8,13,33,142,1.273,2.2
Carlos Villanueva,32,SDP,2,2,5.96,51,0,11,1,74.0,89,50,49,17,14,61,321,1.392,2.1
Austin Adams,29,CLE,0,0,9.82,19,0,11,0,18.1,27,22,20,5,7,17,88,1.855,2.5
Matt Albers,33,CHW,2,6,6.31,58,1,11,0,51.1,67,44,36,10,19,30,237,1.675,1.8
Antonio Bastardo*,30,TOT,3,0,4.52,69,0,11,0,67.2,60,37,34,11,32,74,297,1.360,1.5
Silvino Bracho,23,ARI,0,2,7.30,26,0,11,0,24.2,31,22,20,7,10,17,119,1.662,2.6
Hunter Cervenka*,26,TOT,1,0,3.53,68,0,11,0,43.1,31,19,17,3,28,42,182,1.362,0.6
Louis Coleman,30,LAD,2,1,4.69,61,0,11,0,48.0,45,27,25,5,24,45,211,1.438,0.9
Daniel Coulombe*,26,OAK,3,1,4.53,35,0,11,0,47.2,37,24,24,6,17,54,193,1.133,1.1
Jumbo Diaz,32,CIN,1,1,3.14,45,0,11,0,43.0,36,20,15,8,19,37,182,1.279,1.7
Danny Farquhar,29,TBR,1,0,3.06,35,0,11,0,35.1,33,14,12,8,15,46,158,1.358,2.0
Brian Flynn*,26,KCR,1,2,2.60,36,1,11,0,55.1,38,19,16,5,23,44,221,1.102,0.8
Steve Geltz,28,TBR,0,2,5.74,27,0,11,0,26.2,24,17,17,11,9,23,112,1.238,3.7
Justin Grimm,27,CHC,2,1,4.10,68,0,11,0,52.2,47,24,24,5,23,65,225,1.329,0.9
Deolis Guerra,27,LAA,3,0,3.21,44,0,11,0,53.1,52,23,19,6,7,36,220,1.106,1.0
J.P. Howell*,33,LAD,1,1,4.09,64,0,11,0,50.2,56,23,23,4,15,44,220,1.401,0.7
Zach McAllister,28,CLE,3,2,3.44,53,2,11,0,52.1,53,21,20,6,23,54,233,1.452,1.0
Peter Moylan,37,KCR,2,0,3.43,50,0,11,0,44.2,42,19,17,4,16,34,191,1.299,0.8
Alexi Ogando,32,ATL,2,1,3.94,36,0,11,0,32.0,32,18,14,2,23,29,148,1.719,0.6
Chaz Roe,29,TOT,2,0,3.64,30,0,11,0,29.2,22,12,12,2,14,37,124,1.213,0.6
Kirby Yates,29,NYY,2,1,5.23,41,0,11,0,41.1,41,24,24,5,19,50,184,1.452,1.1
Mauricio Cabrera,22,ATL,5,1,2.82,41,0,10,6,38.1,31,14,12,0,19,32,162,1.304,0.0
Cory Gearrin,30,SFG,3,2,4.28,56,0,10,3,48.1,42,24,23,4,14,45,197,1.159,0.7
Carl Edwards,24,CHC,0,1,3.75,36,0,10,2,36.0,15,15,15,4,14,52,138,0.806,1.0
Ryan Buchter*,29,SDP,3,0,2.86,67,0,10,1,63.0,34,20,20,4,31,78,247,1.032,0.6
Ryan Pressly,27,MIN,6,7,3.70,72,0,10,1,75.1,79,34,31,8,23,67,328,1.354,1.0
Justin Wilson*,28,DET,4,5,4.14,66,0,10,1,58.2,61,29,27,6,17,65,251,1.330,0.9
Pedro Baez,28,LAD,3,2,3.04,73,0,10,0,74.0,52,27,25,11,22,83,295,1.000,1.3
Leonel Campos,28,SDP,1,0,5.73,18,0,10,0,22.0,18,16,14,3,14,24,98,1.455,1.2
J.T. Chargois,25,MIN,1,1,4.70,25,0,10,0,23.0,25,12,12,0,12,17,100,1.609,0.0
Josh Collmenter,30,TOT,3,0,3.70,18,3,10,0,41.1,36,17,17,7,16,33,173,1.258,1.5
Gavin Floyd,33,TOR,2,4,4.06,28,0,10,0,31.0,23,14,14,4,8,30,124,1.000,1.2
Erik Goeddel,27,NYM,2,2,4.54,36,0,10,0,35.2,33,20,18,5,14,36,157,1.318,1.3
Nick Goody,24,NYY,0,0,4.66,27,0,10,0,29.0,30,15,15,7,12,34,128,1.448,2.2
Blaine Hardy*,29,DET,1,0,3.51,21,0,10,0,25.2,25,11,10,2,12,20,112,1.442,0.7
Chris Hatcher,31,LAD,5,4,5.53,37,0,10,0,40.2,40,26,25,8,21,43,181,1.500,1.8
Liam Hendriks,27,OAK,0,4,3.76,53,0,10,0,64.2,69,31,27,6,14,71,275,1.284,0.8
Dean Kiekhefer*,27,STL,0,0,5.32,26,0,10,0,22.0,24,13,13,2,7,14,98,1.409,0.8
Tyler Lyons*,28,STL,2,0,3.38,30,0,10,0,48.0,35,18,18,9,14,46,187,1.021,1.7
Trevor May,26,MIN,2,2,5.27,44,0,10,0,42.2,39,26,25,7,17,60,187,1.313,1.5
Sammy Solis*,27,WSN,2,4,2.41,37,0,10,0,41.0,31,12,11,1,21,47,172,1.268,0.2
Logan Verrett,26,NYM,3,8,5.20,35,12,10,0,91.2,100,55,53,16,43,66,406,1.560,1.6
Ryan Dull,26,OAK,5,5,2.42,70,0,9,3,74.1,50,23,20,10,15,73,290,0.874,1.2
Cam Bedrosian,24,LAA,2,0,1.12,45,0,9,1,40.1,30,7,5,1,14,51,162,1.091,0.2
Boone Logan*,31,COL,2,5,3.69,66,0,9,1,46.1,27,23,19,4,20,57,187,1.014,0.8
Scott Oberg,26,COL,1,1,5.19,24,0,9,1,26.0,26,15,15,3,11,20,113,1.423,1.0
Clayton Richard*,32,TOT,3,4,3.33,36,9,9,1,67.2,81,35,25,4,31,41,306,1.655,0.5
Bryan Shaw,28,CLE,2,5,3.24,75,0,9,1,66.2,56,26,24,8,28,69,275,1.260,1.1
Dario Alvarez*,27,TOT,3,1,5.06,26,0,9,0,26.2,28,16,15,6,7,41,113,1.313,2.0
Elvis Araujo*,24,PHI,2,1,5.60,32,0,9,0,27.1,35,22,17,4,17,29,134,1.902,1.3
Tony Barnette,32,TEX,7,3,2.09,53,0,9,0,60.1,54,16,14,4,16,49,246,1.160,0.6
Buddy Boshers*,28,MIN,2,0,4.25,37,0,9,0,36.0,35,21,17,3,7,37,152,1.167,0.8
Jesse Chavez,32,TOT,2,2,4.43,62,0,9,0,67.0,71,36,33,12,18,63,282,1.328,1.6
Adam Liberatore*,29,LAD,2,2,3.38,58,0,9,0,42.2,34,16,16,2,17,47,176,1.195,0.4
Pat Neshek,35,HOU,2,2,3.06,60,0,9,0,47.0,33,17,16,6,11,43,185,0.936,1.1
Juan Nicasio,29,PIT,10,7,4.50,52,12,9,0,118.0,117,64,59,15,45,138,513,1.373,1.1
Josh Osich*,27,SFG,1,3,4.71,59,0,9,0,36.1,31,20,19,7,19,25,160,1.376,1.7
Jerome Williams,34,STL,0,0,5.71,11,0,9,0,17.1,22,15,11,4,6,8,81,1.615,2.1
Nick Wittgren,25,MIA,4,3,3.14,48,0,9,0,51.2,50,18,18,6,10,42,213,1.161,1.0
Jerry Blevins*,32,NYM,4,2,2.79,73,0,8,2,42.0,36,14,13,4,15,52,178,1.214,0.9
Gonzalez Germen,28,COL,2,1,5.31,40,0,8,1,40.2,41,25,24,5,25,32,182,1.623,1.1
J.J. Hoover,28,CIN,1,2,13.50,18,0,8,1,18.2,29,29,28,9,12,15,97,2.196,4.3
Richard Bleier*,29,NYY,0,0,1.96,23,0,8,0,23.0,20,6,5,0,4,13,92,1.043,0.0
Brett Cecil*,29,TOR,1,7,3.93,54,0,8,0,36.2,39,17,16,6,8,45,157,1.282,1.5
Odrisamer Despaigne,29,TOT,0,2,5.93,19,0,8,0,30.1,36,21,20,3,16,17,135,1.714,0.9
Dana Eveland*,32,TBR,0,1,9.00,33,0,8,0,23.0,32,23,23,3,19,21,119,2.217,1.2
Mychal Givens,26,BAL,8,2,3.13,66,0,8,0,74.2,59,28,26,6,36,96,313,1.272,0.7
Heath Hembree,27,BOS,4,1,2.65,38,0,8,0,51.0,51,23,15,6,17,47,223,1.333,1.1
Jim Henderson,33,NYM,2,2,4.11,44,0,8,0,35.0,34,17,16,7,14,40,155,1.371,1.8
Tommy Hunter,29,TOT,2,2,3.18,33,0,8,0,34.0,35,13,12,1,8,23,139,1.265,0.3
Dominic Leone,24,ARI,0,1,6.33,25,0,8,0,27.0,45,21,19,7,12,23,131,2.111,2.3
Jeff Manship,31,CLE,2,1,3.12,53,0,8,0,43.1,40,20,15,7,22,36,189,1.431,1.5
Evan Marshall,26,ARI,0,1,8.80,15,0,8,0,15.1,28,18,15,2,8,9,79,2.348,1.2
Mike Morin,25,LAA,2,2,4.37,60,0,8,0,55.2,52,31,27,6,15,49,227,1.204,1.0
Jason Motte,34,COL,0,1,4.94,30,0,8,0,23.2,28,15,13,6,8,24,109,1.521,2.3
Eric O'Flaherty*,31,ATL,1,4,6.91,39,0,8,0,28.2,39,25,22,3,11,22,136,1.744,0.9
Luis Perdomo,23,SDP,9,10,5.71,35,20,8,0,146.2,187,99,93,23,46,105,662,1.589,1.4
Taylor Rogers*,25,MIN,3,1,3.96,57,0,8,0,61.1,63,29,27,7,16,64,264,1.288,1.0
Robbie Ross*,27,BOS,3,2,3.25,54,0,8,0,55.1,47,21,20,2,23,56,238,1.265,0.3
Bo Schultz,30,TOR,0,1,5.51,16,0,8,0,16.1,17,10,10,3,3,10,68,1.224,1.7
Chris Smith,35,OAK,0,0,2.92,13,0,8,0,24.2,14,9,8,2,13,29,100,1.095,0.7
Josh Smith,28,CIN,3,3,4.68,32,2,8,0,59.2,57,32,31,11,26,48,260,1.391,1.7
Pedro Strop,31,CHC,2,2,2.85,54,0,8,0,47.1,27,16,15,4,15,60,187,0.887,0.8
Matt Thornton*,39,SDP,1,0,5.82,18,0,8,0,17.0,22,12,11,2,6,9,77,1.647,1.1
Jacob Turner,25,CHW,1,2,6.57,18,2,8,0,24.2,33,27,18,5,16,18,122,1.986,1.8
Corey Knebel,24,MIL,1,4,4.68,35,0,7,2,32.2,32,20,17,3,16,38,145,1.469,0.8
Wade LeBlanc*,31,TOT,4,0,3.77,19,8,7,2,62.0,59,30,26,14,11,51,252,1.129,2.0
Zach Neal,27,OAK,2,4,4.24,24,6,7,2,70.0,72,35,33,9,6,27,281,1.114,1.2
Jacob Barnes,26,MIL,0,1,2.70,27,0,7,1,26.2,24,9,8,1,6,26,106,1.125,0.3
Jordan Lyles,25,COL,4,5,5.83,40,5,7,1,58.2,69,46,38,4,28,32,273,1.653,0.6
Chris Young,37,KCR,3,9,6.19,34,13,7,1,88.2,104,63,61,28,43,94,406,1.658,2.8
Dan Altavilla,23,SEA,0,0,0.73,15,0,7,0,12.1,11,1,1,0,1,10,48,0.973,0.0
Michael Blazek,27,MIL,3,1,5.66,41,0,7,0,41.1,52,31,26,7,27,36,201,1.911,1.5
Clay Buchholz,31,BOS,8,10,4.78,37,21,7,0,139.1,130,80,74,21,55,93,588,1.328,1.4
Matt Carasiti,24,COL,1,0,9.19,19,0,7,0,15.2,25,17,16,1,11,17,83,2.298,0.6
Xavier Cedeno*,29,TBR,3,4,3.70,54,0,7,0,41.1,36,17,17,2,13,43,174,1.185,0.4
Brian Ellington,25,MIA,4,2,2.45,32,0,7,0,33.0,27,10,9,2,16,32,142,1.303,0.5
Buck Farmer,25,DET,0,1,4.60,14,1,7,0,29.1,25,15,15,4,20,27,131,1.534,1.2
Casey Fien,32,TOT,1,1,5.49,39,0,7,0,39.1,45,24,24,13,10,35,169,1.398,3.0
Luis Garcia,29,PHI,1,1,6.46,17,0,7,0,15.1,21,11,11,2,8,14,76,1.891,1.2
David Goforth,27,MIL,0,0,10.97,10,0,7,0,10.2,18,14,13,3,4,9,55,2.063,2.5
James Hoyt,29,HOU,1,1,4.50,22,0,7,0,22.0,16,12,11,5,9,28,91,1.136,2.0
Ian Krol*,25,ATL,2,0,3.18,63,0,7,0,51.0,54,19,18,4,13,56,217,1.314,0.7
Spencer Patton,28,CHC,1,1,5.48,16,0,7,0,21.1,20,16,13,3,14,22,101,1.594,1.3
Oliver Perez*,34,WSN,2,3,4.95,64,0,7,0,40.0,38,22,22,4,20,46,182,1.450,0.9
Matt Purke*,25,CHW,0,1,5.50,12,0,7,0,18.0,20,12,11,0,12,15,84,1.778,0.0
Neil Ramirez,27,TOT,0,0,6.00,18,0,7,0,24.0,22,16,16,8,18,24,107,1.667,3.0
Noe Ramirez,26,BOS,0,0,6.23,14,0,7,0,13.0,16,9,9,4,8,15,61,1.846,2.8
Bruce Rondon,25,DET,5,2,2.97,37,0,7,0,36.1,23,12,12,5,12,45,144,0.963,1.2
Chris Stratton,25,SFG,1,0,3.60,7,0,7,0,10.0,11,4,4,1,5,6,43,1.600,0.9
Andrew Triggs,27,OAK,1,1,4.31,24,6,7,0,56.1,56,30,27,5,13,55,238,1.225,0.8
Pat Venditte#,31,TOT,0,0,5.73,15,0,7,0,22.0,24,18,14,5,11,19,102,1.591,2.0
Adam Warren,28,TOT,7,4,4.68,58,1,7,0,65.1,59,37,34,11,29,52,277,1.347,1.5
Ryan Webb,30,TBR,0,0,5.19,18,0,7,0,17.1,27,11,10,2,3,11,76,1.731,1.0
Michael Ynoa,24,CHW,1,0,3.00,23,0,7,0,30.0,20,11,10,0,17,30,135,1.233,0.0
David Phelps,29,MIA,7,6,2.28,64,5,6,4,86.2,61,23,22,6,38,114,352,1.142,0.6
Darren O'Day,33,BAL,3,1,3.77,34,0,6,3,31.0,25,13,13,6,13,38,131,1.226,1.7
Neftali Feliz,28,PIT,4,2,3.52,62,0,6,2,53.2,40,21,21,10,21,61,218,1.137,1.7
Joaquin Benoit,38,TOT,3,1,2.81,51,0,6,1,48.0,37,17,15,5,24,52,204,1.271,0.9
Patrick Corbin*,26,ARI,5,13,5.15,36,24,6,1,155.2,177,109,89,24,66,131,701,1.561,1.4
Javier Lopez*,38,SFG,1,3,4.05,68,0,6,1,26.2,24,13,12,3,15,15,118,1.463,1.0
Kyle Barraclough,26,MIA,6,3,2.85,75,0,6,0,72.2,45,24,23,1,44,113,306,1.225,0.1
Matt Belisle,36,WSN,0,0,1.76,40,0,6,0,46.0,43,13,9,2,7,32,186,1.087,0.4
Dylan Bundy,23,BAL,10,6,4.02,36,14,6,0,109.2,109,52,49,18,42,104,474,1.377,1.5
Jose Dominguez,25,SDP,1,0,5.05,34,0,6,0,35.2,34,23,20,5,17,20,155,1.430,1.3
John Gant,23,ATL,1,4,4.86,20,7,6,0,50.0,54,32,27,7,21,49,222,1.500,1.3
Joe Kelly,28,BOS,4,0,5.18,20,6,6,0,40.0,44,23,23,5,24,48,188,1.700,1.1
Ryan O'Rourke*,28,MIN,0,1,3.96,26,0,6,0,25.0,18,13,11,3,10,24,101,1.120,1.1
Brooks Pounders,25,KCR,2,1,9.24,13,0,6,0,12.2,19,13,13,6,3,13,58,1.737,4.3
Zach Putnam,28,CHW,1,0,2.30,25,0,6,0,27.1,25,7,7,2,11,30,114,1.317,0.7
Edubray Ramos,23,PHI,1,3,3.83,42,0,6,0,40.0,36,18,17,5,11,40,160,1.175,1.1
David Rollins*,26,SEA,1,0,7.71,11,0,6,0,9.1,12,8,8,2,7,6,47,2.036,1.9
Miguel Socolovich,29,STL,1,0,2.00,15,0,6,0,18.0,5,4,4,2,5,16,64,0.556,1.0
Tyler Sturdevant,30,TBR,0,1,3.93,16,0,6,0,18.1,18,8,8,1,6,14,75,1.309,0.5
Anthony Swarzak,30,NYY,1,2,5.52,26,0,6,0,31.0,28,19,19,10,7,31,124,1.129,2.9
Ryan Weber,25,ATL,1,1,5.45,16,2,6,0,36.1,46,22,22,7,5,23,157,1.404,1.7
Alex Wilson,29,DET,4,0,2.96,62,0,6,0,73.0,68,26,24,5,21,49,297,1.219,0.6
Chris Withrow,27,ATL,3,0,3.58,46,0,6,0,37.2,29,16,15,5,17,28,158,1.221,1.2
Blake Parker,31,TOT,1,0,4.67,17,0,5,1,17.1,17,9,9,1,9,15,79,1.500,0.5
Tanner Scheppers,29,TEX,1,1,4.15,10,0,5,1,8.2,6,4,4,0,3,5,35,1.038,0.0
Tom Wilhelmsen,32,TOT,2,4,6.80,50,0,5,1,46.1,60,35,35,11,19,28,209,1.705,2.1
Johnny Barbato,23,NYY,1,2,7.62,13,0,5,0,13.0,13,11,11,2,5,15,57,1.385,1.4
Christian Bergman,28,COL,1,3,8.39,15,1,5,0,24.2,39,24,23,7,6,22,119,1.824,2.6
Luis Cessa,24,NYY,4,4,4.35,17,9,5,0,70.1,64,36,34,16,14,46,285,1.109,2.0
Jhoulys Chacin,28,TOT,6,8,4.81,34,22,5,0,144.0,153,81,77,14,55,119,632,1.444,0.9
Joba Chamberlain,30,CLE,0,0,2.25,20,0,5,0,20.0,12,6,5,1,11,18,82,1.150,0.5
Joseph Colon,26,CLE,1,3,7.20,11,0,5,0,10.0,12,9,8,2,7,10,50,1.900,1.8
Oliver Drake,29,BAL,1,0,4.00,14,0,5,0,18.0,11,11,8,2,7,21,74,1.000,1.0
Danny Duffy*,27,KCR,12,3,3.51,42,26,5,0,179.2,163,71,70,27,42,188,731,1.141,1.4
Mike Dunn*,31,MIA,6,1,3.40,51,0,5,0,42.1,43,16,16,5,11,38,176,1.276,1.1
Jason Gurka*,28,COL,0,0,9.31,6,0,5,0,9.2,16,10,10,1,2,7,45,1.862,0.9
Keith Hessler*,27,TOT,1,0,4.15,17,0,5,0,21.2,24,10,10,2,13,11,103,1.708,0.8
Phil Klein,27,TOT,0,1,6.98,12,2,5,0,19.1,23,15,15,2,9,19,86,1.655,0.9
Jose Leclerc,22,TEX,0,0,1.80,12,0,5,0,15.0,11,4,3,0,13,15,66,1.600,0.0
Cory Luebke*,31,PIT,0,1,9.35,9,0,5,0,8.2,15,9,9,2,11,9,53,3.000,2.1
Nefi Ogando,27,MIA,0,0,2.30,14,0,5,0,15.2,10,5,4,0,8,8,65,1.149,0.0
Joel Peralta,40,TOT,1,1,5.93,31,0,5,0,27.1,30,19,18,9,8,33,119,1.390,3.0
Jose Ramirez,26,ATL,2,2,3.58,33,0,5,0,32.2,26,16,13,2,18,33,143,1.347,0.6
Junichi Tazawa,30,BOS,3,2,4.17,53,0,5,0,49.2,47,23,23,9,14,54,208,1.228,1.6
Tyler Wilson,26,BAL,4,6,5.27,24,13,5,0,94.0,110,57,55,15,24,55,414,1.426,1.4
Mike Wright,26,BAL,3,4,5.79,18,12,5,0,74.2,81,53,48,12,26,50,328,1.433,1.4
Shane Greene,27,DET,5,4,5.82,50,3,4,2,60.1,58,39,39,3,22,59,256,1.326,0.4
Michael Mariot,27,PHI,1,0,5.82,25,0,4,2,21.2,18,14,14,5,14,23,95,1.477,2.1
Chad Green,25,NYY,2,4,4.73,12,8,4,1,45.2,49,26,24,12,15,52,198,1.401,2.4
Matt Koch,25,ARI,1,1,2.00,7,2,4,1,18.0,9,4,4,1,4,10,69,0.722,0.5
Bryan Morris,29,MIA,0,0,3.06,24,0,4,1,17.2,15,7,6,4,10,13,74,1.415,2.0
Jose Urena,24,MIA,4,9,6.13,28,12,4,1,83.2,91,59,57,11,29,58,373,1.434,1.2
Scott Alexander*,26,KCR,0,0,3.32,17,0,4,0,19.0,24,7,7,1,7,16,84,1.632,0.5
Danny Barnes,26,TOR,0,0,3.95,12,0,4,0,13.2,14,6,6,0,5,14,58,1.390,0.0
Chris Beck,25,CHW,2,2,6.39,25,0,4,0,25.1,31,18,18,3,17,20,123,1.895,1.1
Craig Breslow*,35,MIA,0,2,4.50,15,0,4,0,14.0,21,9,7,1,4,7,63,1.786,0.6
Miguel Castro,21,COL,0,0,6.14,19,0,4,0,14.2,18,10,10,3,5,12,67,1.568,1.8
Tyler Cravy,26,MIL,0,1,2.86,20,2,4,0,28.1,21,9,9,3,12,22,116,1.165,1.0
Kyle Crockett*,24,CLE,0,0,5.06,29,0,4,0,16.0,16,9,9,0,7,17,70,1.438,0.0
Pat Dean*,27,MIN,1,6,6.28,19,9,4,0,67.1,88,47,47,13,23,50,300,1.649,1.7
Brian Duensing*,33,BAL,1,0,4.05,14,0,4,0,13.1,13,6,6,2,3,10,55,1.200,1.4
Josh Edgin*,29,NYM,1,0,5.23,16,0,4,0,10.1,10,6,6,1,6,11,45,1.548,0.9
Cody Ege*,25,TOT,1,0,3.86,18,0,4,0,11.2,16,5,5,2,5,11,55,1.800,1.5
Dylan Floro,25,TBR,0,1,4.20,12,0,4,0,15.0,23,8,7,0,5,14,72,1.867,0.0
Sam Freeman*,29,MIL,0,0,12.91,7,0,4,0,7.2,13,11,11,2,9,8,44,2.870,2.3
Carson Fulmer,22,CHW,0,2,8.49,8,0,4,0,11.2,12,11,11,2,7,10,53,1.629,1.5
Koda Glover,23,WSN,2,0,5.03,19,0,4,0,19.2,15,12,11,3,7,16,83,1.119,1.4
Jandel Gustave,23,HOU,1,0,3.52,14,0,4,0,15.1,13,6,6,2,4,16,60,1.109,1.2
Ben Heller,24,NYY,1,0,6.43,10,0,4,0,7.0,11,5,5,3,4,6,40,2.143,3.9
Frank Herrmann,32,PHI,1,2,8.40,14,0,4,0,15.0,20,16,14,7,5,14,69,1.667,4.2
Dalier Hinojosa,30,PHI,0,1,3.27,10,0,4,0,11.0,10,4,4,1,3,8,44,1.182,0.8
Jeff Locke*,28,PIT,9,8,5.44,30,19,4,0,127.1,151,81,77,17,44,73,564,1.531,1.2
Michael Lorenzen,24,CIN,2,1,2.88,35,0,4,0,50.0,41,16,16,5,13,48,202,1.080,0.9
Colton Murray,26,PHI,1,1,6.25,24,0,4,0,31.2,34,22,22,6,13,31,142,1.484,1.7
Cory Rasmus,28,LAA,0,2,5.84,19,1,4,0,24.2,25,16,16,4,16,17,114,1.662,1.5
Josh Ravin,28,LAD,0,0,0.93,10,0,4,0,9.2,2,1,1,1,4,13,35,0.621,0.9
Matt Reynolds*,31,SFG,0,1,7.50,8,0,4,0,6.0,7,5,5,0,5,3,30,2.000,0.0
Fernando Rodriguez,32,OAK,2,0,4.20,34,0,4,0,40.2,30,19,19,3,17,37,163,1.156,0.7
Will Smith*,26,TOT,2,4,3.35,53,0,4,0,40.1,31,19,15,3,18,48,167,1.215,0.7
Josh Smoker*,27,NYM,3,0,4.70,20,0,4,0,15.1,16,10,8,4,4,25,65,1.304,2.3
Ross Stripling,26,LAD,5,9,3.96,22,14,4,0,100.0,96,46,44,10,30,74,419,1.260,0.9
Brent Suter*,26,MIL,2,2,3.32,14,2,4,0,21.2,25,8,8,3,5,15,91,1.385,1.2
Sam Tuivailala,23,STL,0,0,6.00,12,0,4,0,9.0,12,6,6,0,6,7,47,2.000,0.0
Jose Valdez,26,LAA,2,3,4.24,25,0,4,0,23.1,17,11,11,4,16,22,100,1.414,1.5
Drew VerHagen,25,DET,1,0,7.11,19,0,4,0,19.0,28,15,15,3,7,10,90,1.842,1.4
Matt Andriese,26,TBR,8,8,4.37,29,19,3,1,127.2,131,64,62,17,25,109,527,1.222,1.2
Ivan Nova,29,TOT,12,8,4.17,32,26,3,1,162.0,175,81,75,23,28,127,684,1.253,1.3
Alex Reyes,21,STL,4,1,1.57,12,5,3,1,46.0,33,8,8,1,23,52,189,1.217,0.2
Andrew Albers*,30,MIN,0,0,5.82,6,2,3,0,17.0,27,16,11,5,6,16,85,1.941,2.6
Luis Avilan*,26,LAD,3,0,3.20,27,0,3,0,19.2,12,8,7,0,10,28,82,1.119,0.0
Trevor Bauer,25,CLE,12,8,4.26,35,28,3,0,190.0,179,96,90,20,70,168,811,1.311,0.9
Brad Boxberger,28,TBR,4,3,4.81,27,0,3,0,24.1,23,13,13,3,19,22,114,1.726,1.1
Chris Capuano*,37,MIL,1,1,4.13,16,0,3,0,24.0,23,11,11,7,15,27,106,1.583,2.6
Mike Clevinger,25,CLE,3,3,5.26,17,10,3,0,53.0,50,31,31,8,29,50,233,1.491,1.4
Phil Coke*,33,TOT,0,0,3.60,6,0,3,0,10.0,10,5,4,1,7,4,45,1.700,0.9
Caleb Cotham,28,CIN,0,3,7.40,23,0,3,0,24.1,32,21,20,3,12,21,117,1.808,1.1
Brandon Cunniff,27,ATL,2,0,4.24,15,0,3,0,17.0,14,9,8,2,9,16,74,1.353,1.1
Edwin Escobar*,24,ARI,1,2,7.23,25,2,3,0,23.2,33,21,19,4,12,17,116,1.901,1.5
Eddie Gamboa,31,TBR,0,2,1.35,7,0,3,0,13.1,9,3,2,1,8,11,54,1.275,0.7
Dillon Gee,30,KCR,8,9,4.68,33,14,3,0,125.0,146,67,65,24,37,89,551,1.464,1.7
Sean Gilmartin*,26,NYM,0,1,7.13,14,1,3,0,17.2,21,14,14,4,7,11,79,1.585,2.0
Donnie Hart*,25,BAL,0,0,0.49,22,0,3,0,18.1,12,1,1,1,6,12,71,0.982,0.5
Drew Hutchison,25,TOT,1,0,5.25,9,3,3,0,24.0,28,14,14,6,7,22,104,1.458,2.3
Edwin Jackson,32,TOT,5,7,5.89,21,13,3,0,84.0,92,56,55,14,41,61,373,1.583,1.5
Casey Kelly,26,ATL,0,3,5.82,10,1,3,0,21.2,30,14,14,1,7,7,102,1.708,0.4
Kyle Lobstein*,26,PIT,2,0,3.96,14,0,3,0,25.0,25,11,11,2,12,15,110,1.480,0.7
Adam Loewen*,32,ARI,1,0,15.00,8,0,3,0,6.0,7,10,10,1,6,3,31,2.167,1.5
Damien Magnifico,25,MIL,0,0,6.00,3,0,3,0,3.0,2,2,2,0,3,0,15,1.667,0.0
Joe Mantiply*,25,DET,0,0,16.88,5,0,3,0,2.2,7,5,5,1,2,2,16,3.375,3.4
Cody Martin,26,SEA,1,2,3.86,9,2,3,0,25.2,28,11,11,5,9,15,107,1.442,1.8
Tommy Milone*,29,MIN,3,5,5.71,19,12,3,0,69.1,84,53,44,15,22,49,311,1.529,1.9
Juan Minaya,25,CHW,1,0,4.35,11,0,3,0,10.1,10,6,5,0,5,6,47,1.452,0.0
A.J. Morris,29,CIN,0,0,6.30,7,0,3,0,10.0,9,7,7,2,8,9,47,1.700,1.8
Jon Niese*,29,TOT,8,7,5.50,29,20,3,0,121.0,145,77,74,25,47,88,546,1.587,1.9
Steven Okert*,24,SFG,0,0,3.21,16,0,3,0,14.0,14,5,5,2,4,14,58,1.286,1.3
Brad Peacock,28,HOU,0,1,3.69,10,5,3,0,31.2,21,15,13,6,14,28,127,1.105,1.7
Jake Peavy,35,SFG,5,9,5.54,31,21,3,0,118.2,134,76,73,18,36,102,520,1.433,1.4
Wandy Peralta*,24,CIN,0,0,8.59,10,0,3,0,7.1,11,7,7,1,7,5,39,2.455,1.2
Anibal Sanchez,32,DET,7,13,5.87,35,26,3,0,153.1,171,108,100,30,53,135,668,1.461,1.8
Patrick Schuster*,25,TOT,0,1,18.69,11,0,3,0,8.2,15,19,18,1,10,8,54,2.885,1.0
Luis Severino,22,NYY,3,8,5.83,22,11,3,0,71.0,78,48,46,11,25,66,312,1.451,1.4
Daniel Stumpf*,25,PHI,0,0,10.80,7,0,3,0,5.0,9,6,6,1,2,2,25,2.200,1.8
J.B. Wendelken,23,OAK,0,0,9.95,8,0,3,0,12.2,18,15,14,3,9,12,64,2.132,2.1
Tony Zych,25,SEA,1,0,3.29,12,0,3,0,13.2,10,6,5,0,10,21,60,1.463,0.0
Ubaldo Jimenez,32,BAL,8,12,5.44,29,25,2,1,142.1,150,93,86,16,72,125,638,1.560,1.0
Nate Karns,28,SEA,6,2,5.15,22,15,2,1,94.1,95,55,54,11,45,101,417,1.484,1.0
Felix Pena,26,CHC,0,0,4.00,11,0,2,1,9.0,5,4,4,1,3,13,35,0.889,1.0
Cesar Ramos*,32,TEX,3,3,6.04,16,4,2,1,47.2,60,34,32,12,20,27,212,1.678,2.3
Cody Anderson,25,CLE,2,5,6.68,19,9,2,0,60.2,85,45,45,13,13,54,270,1.615,1.9
Jayson Aquino*,23,BAL,0,0,0.00,3,0,2,0,2.1,1,0,0,0,0,3,8,0.429,0.0
Shawn Armstrong,25,CLE,0,0,2.53,10,0,2,0,10.2,9,3,3,1,5,7,44,1.313,0.8
Buddy Baumann*,28,SDP,1,0,3.72,11,0,2,0,9.2,7,4,4,0,4,10,40,1.138,0.0
Ty Blach*,25,SFG,1,0,1.06,4,2,2,0,17.0,8,2,2,1,5,10,62,0.765,0.5
Wilfredo Boscan,26,PIT,1,1,6.46,6,1,2,0,15.1,15,11,11,2,7,8,67,1.435,1.2
Austin Brice,24,MIA,0,1,7.07,15,0,2,0,14.0,9,12,11,2,5,14,59,1.000,1.3
Mike Broadway,29,SFG,0,0,11.81,4,0,2,0,5.1,9,7,7,2,1,4,25,1.875,3.4
Sean Burnett*,33,WSN,0,0,3.18,10,0,2,0,5.2,5,2,2,1,1,3,22,1.059,1.6
Matt Buschmann,32,ARI,0,0,2.08,3,0,2,0,4.1,2,1,1,1,1,3,15,0.692,2.1
Drew Butera,32,KCR,0,0,0.00,2,0,2,0,1.1,1,0,0,0,0,1,5,0.750,0.0
Matt Cain,31,SFG,4,8,5.64,21,17,2,0,89.1,103,58,56,16,32,72,397,1.511,1.6
Scott Carroll,31,CHW,0,0,11.57,3,0,2,0,2.1,2,3,3,0,1,2,10,1.286,0.0
Paul Clemens,28,TOT,4,5,4.04,18,14,2,0,71.1,72,39,32,14,31,53,314,1.444,1.8
William Cuevas,25,BOS,0,1,3.60,3,0,2,0,5.0,5,2,2,0,6,3,24,2.200,0.0
Zac Curtis*,23,ARI,0,1,6.75,21,0,2,0,13.1,13,10,10,2,13,10,67,1.950,1.4
Tyler Danish,21,CHW,0,0,10.80,3,0,2,0,1.2,6,2,2,0,3,0,12,5.400,0.0
Joel De La Cruz,27,ATL,0,7,4.88,22,9,2,0,62.2,65,40,34,10,22,37,276,1.388,1.4
Roenis Elias*,27,BOS,0,1,12.91,3,1,2,0,7.2,15,11,11,2,5,3,41,2.609,2.3
Nathan Eovaldi,26,NYY,9,8,4.76,24,21,2,0,124.2,123,66,66,23,40,97,525,1.307,1.7
Chris Gimenez,33,CLE,0,0,12.00,2,0,2,0,3.0,4,4,4,1,0,0,13,1.333,3.0
Chad Girodo*,25,TOR,0,0,4.35,14,0,2,0,10.1,11,5,5,3,2,5,44,1.258,2.6
Cody Hall,28,MIA,0,0,12.00,2,0,2,0,3.0,4,4,4,1,3,3,16,2.333,3.0
Luke Jackson,24,TEX,0,0,10.80,8,0,2,0,11.2,22,14,14,4,8,3,62,2.571,3.1
Tyrell Jenkins,23,ATL,2,4,5.88,14,8,2,0,52.0,55,35,34,11,33,26,237,1.692,1.9
Taylor Jungmann,26,MIL,0,5,7.76,8,6,2,0,26.2,30,24,23,4,17,18,126,1.763,1.4
Keone Kela,23,TEX,5,1,6.09,35,0,2,0,34.0,30,23,23,6,17,45,150,1.382,1.6
Erik Kratz,36,TOT,0,0,4.50,2,0,2,0,2.0,5,2,1,0,0,1,11,2.500,0.0
Aaron Loup*,28,TOR,0,0,5.02,21,0,2,0,14.1,15,8,8,2,4,15,62,1.326,1.3
Seth Lugo,26,NYM,5,2,2.67,17,8,2,0,64.0,49,19,19,7,21,45,260,1.094,1.0
Matt Magill,26,CIN,0,0,6.23,5,0,2,0,4.1,5,3,3,1,5,1,20,2.308,2.1
Rafael Martin,32,WSN,0,0,2.45,8,0,2,0,3.2,0,1,1,0,1,5,12,0.273,0.0
Nick Martinez,25,TEX,2,3,5.59,12,5,2,0,38.2,45,24,24,8,19,16,179,1.655,1.9
Brian Matusz*,29,TOT,0,0,14.00,8,1,2,0,9.0,17,14,14,6,9,3,53,2.889,6.0
T.J. McFarland*,27,BAL,2,2,6.93,16,0,2,0,24.2,33,19,19,3,10,7,112,1.743,1.1
Alec Mills,24,KCR,0,0,13.50,3,0,2,0,3.1,3,5,5,0,5,4,19,2.400,0.0
Franklin Morales*,30,TOR,0,1,9.00,5,0,2,0,4.0,3,4,4,1,2,2,16,1.250,2.3
Brandon Morrow,31,SDP,1,0,1.69,18,0,2,0,16.0,19,4,3,2,3,8,68,1.375,1.1
Chris Narveson*,34,MIA,1,0,8.64,6,0,2,0,8.1,10,8,8,3,2,6,38,1.440,3.2
Dillon Overton*,24,OAK,1,3,11.47,7,5,2,0,24.1,48,31,31,12,7,17,128,2.260,4.4
Bobby Parnell,31,DET,0,0,6.75,6,0,2,0,5.1,7,4,4,1,5,4,27,2.250,1.7
Anthony Ranaudo,26,TOT,1,1,9.48,9,5,2,0,31.1,36,33,33,10,20,18,151,1.787,2.9
Brady Rodgers,25,HOU,0,1,15.12,5,1,2,0,8.1,15,14,14,0,7,3,48,2.640,0.0
Keyvius Sampson,25,CIN,0,1,4.35,18,2,2,0,39.1,40,24,19,9,27,42,188,1.703,2.1
Warwick Saupold,26,DET,1,1,7.45,6,0,2,0,9.2,17,8,8,0,3,10,49,2.069,0.0
Shae Simmons,25,ATL,0,0,1.35,7,0,2,0,6.2,6,1,1,0,0,3,25,0.900,0.0
Albert Suarez,26,SFG,3,5,4.29,22,12,2,0,84.0,84,42,40,11,26,54,355,1.310,1.2
Ashur Tolliver*,28,BAL,1,0,5.79,5,0,2,0,4.2,5,4,3,1,3,5,22,1.714,1.9
Chin-hui Tsao,35,LAD,0,1,5.40,2,0,2,0,1.2,1,1,1,0,3,0,9,2.400,0.0
Ryan Vogelsong,38,PIT,3,7,4.81,24,14,2,0,82.1,80,51,44,11,40,61,366,1.457,1.2
Alex Wimmers,27,MIN,1,3,4.15,16,0,2,0,17.1,14,8,8,2,11,14,72,1.442,1.0
Gabriel Ynoa,23,NYM,1,0,6.38,10,3,2,0,18.1,26,13,13,0,7,17,88,1.800,0.0
Matt Wisler,23,ATL,7,13,5.00,27,26,1,1,156.2,159,90,87,26,49,115,671,1.328,1.5
Al Alburquerque,30,LAA,0,0,4.50,2,0,1,0,2.0,2,3,1,1,2,1,12,2.000,4.5
Alexi Amarista,27,SDP,0,0,0.00,1,0,1,0,0.1,0,0,0,0,0,0,1,0.000,0.0
Chase Anderson,28,MIL,9,11,4.39,31,30,1,0,151.2,155,83,74,28,53,120,647,1.371,1.7
Darwin Barney,30,TOR,0,1,9.00,1,0,1,0,1.0,1,1,1,1,0,1,4,1.000,9.0
Christian Bethancourt,24,SDP,0,0,0.00,2,0,1,0,1.2,1,0,0,0,3,1,10,2.400,0.0
Matt Boyd*,25,DET,6,5,4.53,20,18,1,0,97.1,97,51,49,17,29,82,412,1.295,1.6
Jed Bradley*,26,ATL,1,1,5.14,6,0,1,0,7.0,7,4,4,0,6,4,33,1.857,0.0
Parker Bridwell,24,BAL,0,0,13.50,2,0,1,0,3.1,5,5,5,2,1,3,15,1.800,5.4
Jake Buchanan,26,CHC,1,0,1.50,2,1,1,0,6.0,3,1,1,1,1,4,21,0.667,1.5
Andrew Cashner,29,TOT,5,11,5.25,28,27,1,0,132.0,142,83,77,19,60,112,588,1.530,1.3
Andrew Chafin*,26,ARI,0,1,6.75,32,0,1,0,22.2,22,18,17,1,11,28,98,1.456,0.4
Kevin Chapman*,28,HOU,0,0,9.00,9,0,1,0,8.0,15,8,8,0,4,6,42,2.375,0.0
Gerardo Concepcion*,24,CHC,0,0,3.86,3,0,1,0,2.1,2,1,1,0,1,2,10,1.286,0.0
Rubby De La Rosa,27,ARI,4,5,4.26,13,10,1,0,50.2,43,26,24,8,20,54,222,1.243,1.4
Abel De Los Santos,23,CIN,0,0,11.12,5,0,1,0,5.2,7,7,7,1,4,2,28,1.941,1.6
Matt Dermody*,25,TOR,0,0,12.00,5,0,1,0,3.0,6,4,4,1,0,5,16,2.000,3.0
Scott Diamond*,29,TOR,0,0,27.00,1,0,1,0,1.0,2,3,3,0,2,0,7,4.000,0.0
R.A. Dickey,41,TOR,10,15,4.46,30,29,1,0,169.2,169,97,84,28,63,126,728,1.367,1.5
Eduardo Escobar,27,MIN,0,0,0.00,1,0,1,0,1.0,1,0,0,0,0,0,4,1.000,0.0
Andrew Faulkner*,23,TEX,0,0,6.75,9,0,1,0,6.2,8,7,5,3,4,1,32,1.800,4.1
Ryan Flaherty,29,BAL,0,0,18.00,1,0,1,0,1.0,3,2,2,1,0,0,7,3.000,9.0
Carlos Frias,26,LAD,0,0,0.00,1,0,1,0,4.0,2,0,0,0,1,3,15,0.750,0.0
Yimi Garcia,25,LAD,0,0,3.24,9,0,1,0,8.1,9,3,3,0,1,4,35,1.200,0.0
Lucas Giolito,21,WSN,0,1,6.75,6,4,1,0,21.1,26,18,16,7,12,11,101,1.781,3.0
Zack Godley,26,ARI,5,4,6.39,27,9,1,0,74.2,86,54,53,13,25,60,335,1.487,1.6
Tom Gorzelanny*,33,CLE,1,0,21.00,7,0,1,0,3.0,4,7,7,1,5,4,18,3.000,3.0
Trevor Gott,23,WSN,0,0,1.50,9,0,1,0,6.0,6,1,1,0,3,6,28,1.500,0.0
Matt Grace*,27,WSN,0,0,0.00,5,0,1,0,3.0,1,0,0,0,0,4,10,0.333,0.0
Javy Guerra,30,LAA,0,0,5.68,7,0,1,0,6.1,5,4,4,1,7,4,30,1.895,1.4
Tayron Guerrero,25,SDP,0,0,4.50,1,0,1,0,2.0,3,1,1,0,1,0,9,2.000,0.0
Drew Hayes,28,CIN,0,0,8.38,6,0,1,0,9.2,15,10,9,3,6,8,48,2.172,2.8
Luke Hochevar,32,KCR,2,3,3.86,40,0,1,0,37.1,31,17,16,6,9,40,151,1.071,1.4
Bryan Holaday,28,TEX,0,0,0.00,1,0,1,0,1.1,0,0,0,0,0,0,4,0.000,0.0
Jonathan Holder,23,NYY,0,0,5.40,8,0,1,0,8.1,8,5,5,1,4,5,36,1.440,1.1
Tyler Holt,27,CIN,0,0,0.00,1,0,1,0,1.0,0,0,0,0,0,0,3,0.000,0.0
Jared Hoying,27,TEX,0,0,9.00,1,0,1,0,1.0,1,1,1,1,0,0,4,1.000,9.0
Tyler Ladendorf,28,OAK,0,0,0.00,1,0,1,0,1.0,1,0,0,0,1,0,5,2.000,0.0
Ryan LaMarre*,27,BOS,0,0,0.00,1,0,1,0,1.0,2,0,0,0,0,0,5,2.000,0.0
Mat Latos,28,TOT,7,3,4.89,17,12,1,0,70.0,74,40,38,11,30,42,309,1.486,1.4
Pat Light,25,TOT,0,1,11.34,17,0,1,0,16.2,22,22,21,4,16,16,91,2.280,2.2
Reynaldo Lopez,22,WSN,5,3,4.91,11,6,1,0,44.0,47,27,24,4,22,42,201,1.568,0.8
Greg Mahle*,23,LAA,1,0,5.40,24,0,1,0,18.1,23,13,11,4,10,14,86,1.800,2.0
Matt Marksberry*,25,ATL,0,0,5.40,4,0,1,0,3.1,5,2,2,1,1,2,17,1.800,2.7
Kelvin Marte*,28,PIT,0,0,0.00,2,0,1,0,3.1,5,5,0,2,2,1,17,2.100,5.4
Kevin McCarthy,24,KCR,1,0,6.48,10,0,1,0,8.1,11,8,6,1,5,7,41,1.920,1.1
Ryan Merritt*,24,CLE,1,0,1.64,4,1,1,0,11.0,6,2,2,0,0,6,37,0.545,0.0
Ariel Miranda*,27,TOT,5,2,3.88,12,10,1,0,58.0,47,28,25,12,18,44,232,1.121,1.9
Dustin Molleken,31,DET,0,0,4.32,4,0,1,0,8.1,12,4,4,0,5,8,42,2.040,0.0
Miguel Montero,32,CHC,0,0,6.75,1,0,1,0,1.1,4,1,1,0,0,0,9,3.000,0.0
Rafael Montero,25,NYM,0,1,8.05,9,3,1,0,19.0,23,17,17,4,16,20,93,2.053,1.9
Adam Morgan*,26,PHI,2,11,6.04,23,21,1,0,113.1,141,81,76,23,29,95,507,1.500,1.8
Taylor Motter,26,TBR,0,0,0.00,1,0,1,0,0.1,1,0,0,0,0,0,2,3.000,0.0
Conor Mullee,28,NYY,0,0,3.00,3,0,1,0,3.0,0,1,1,0,4,4,14,1.333,0.0
Joe Musgrove,23,HOU,4,4,4.06,11,10,1,0,62.0,59,28,28,9,16,55,256,1.210,1.3
Joe Nathan,41,TOT,2,0,0.00,10,0,1,0,6.1,5,0,0,0,4,9,28,1.421,0.0
Bud Norris,31,TOT,6,10,5.10,35,19,1,0,113.0,116,67,64,14,49,102,495,1.460,1.1
Daniel Norris*,23,DET,4,2,3.38,14,13,1,0,69.1,75,30,26,10,22,71,302,1.399,1.3
Sean O'Sullivan,28,BOS,2,0,6.75,5,4,1,0,21.1,30,17,16,3,6,13,98,1.688,1.3
Tyler Olson*,26,NYY,0,0,6.75,1,0,1,0,2.2,3,2,2,0,2,0,13,1.875,0.0
Logan Ondrusek,31,BAL,0,0,9.95,7,0,1,0,6.1,9,7,7,1,3,4,29,1.895,1.4
David Paulino,22,HOU,0,1,5.14,3,1,1,0,7.0,6,4,4,0,3,2,29,1.286,0.0
James Pazos*,25,NYY,1,0,13.50,7,0,1,0,3.1,7,5,5,2,1,3,17,2.400,5.4
Glen Perkins*,33,MIN,0,0,9.00,2,0,1,0,2.0,5,2,2,0,1,3,12,3.000,0.0
Jake Petricka,28,CHW,0,0,4.50,9,0,1,0,8.0,8,5,4,1,8,7,39,2.000,1.1
Josh Phegley,28,OAK,0,0,0.00,1,0,1,0,0.2,0,0,0,0,0,1,2,0.000,0.0
Adam Plutko,24,CLE,0,0,7.36,2,0,1,0,3.2,5,3,3,1,2,3,18,1.909,2.5
Drew Pomeranz*,27,TOT,11,12,3.32,31,30,1,0,170.2,137,65,63,22,65,186,703,1.184,1.2
Jo-Jo Reyes*,31,MIA,0,0,9.00,1,0,1,0,2.0,3,2,2,0,1,0,10,2.000,0.0
Donn Roach,26,SEA,2,0,8.44,4,0,1,0,5.1,7,5,5,1,2,2,28,1.688,1.7
Joely Rodriguez*,24,PHI,0,0,2.79,12,0,1,0,9.2,8,3,3,0,4,7,39,1.241,0.0
Andrew Romine,30,DET,0,0,0.00,1,0,1,0,0.2,0,0,0,0,2,0,4,3.000,0.0
Jorge Rondon,28,PIT,0,0,17.18,2,0,1,0,3.2,9,7,7,1,1,4,20,2.727,2.5
Michael Roth*,26,TEX,0,0,14.73,1,0,1,0,3.2,10,6,6,3,1,3,22,3.000,7.4
Ben Rowen,27,MIL,0,0,15.00,4,0,1,0,3.0,10,6,5,0,0,2,19,3.333,0.0
Chris Rusin*,29,COL,3,5,3.74,29,7,1,0,84.1,82,36,35,5,23,69,350,1.245,0.5
James Russell*,30,PHI,0,0,18.69,7,0,1,0,4.1,9,9,9,2,5,4,27,3.231,4.2
Luis Sardinas,23,SEA,0,0,0.00,1,0,1,0,1.0,0,0,0,0,0,0,3,0.000,0.0
Robby Scott*,26,BOS,1,0,0.00,7,0,1,0,6.0,6,0,0,0,2,5,25,1.333,0.0
J.B. Shuck*,29,CHW,0,0,9.00,1,0,1,0,1.0,1,1,1,0,0,0,4,1.000,0.0
Alfredo Simon,35,CIN,2,7,9.36,15,11,1,0,58.2,89,64,61,15,31,39,298,2.045,2.3
Blake Smith,28,CHW,0,0,6.23,5,0,1,0,4.1,7,3,3,1,0,1,21,1.615,2.1
Jake Smith,26,SDP,1,0,4.50,4,0,1,0,4.0,5,2,2,1,1,3,17,1.500,2.3
Layne Somsen,27,CIN,0,0,19.29,2,0,1,0,2.1,6,5,5,2,3,2,16,3.857,7.7
Matt Strahm*,24,KCR,2,2,1.23,21,0,1,0,22.0,13,4,3,0,11,30,88,1.091,0.0
Ruben Tejada,26,STL,0,0,18.00,1,0,1,0,1.0,2,2,2,2,0,0,5,2.000,18.0
Josh Tomlin,31,CLE,13,9,4.40,30,29,1,0,174.0,187,97,85,36,20,118,725,1.190,1.9
Jose Torres*,22,SDP,0,0,0.00,4,0,1,0,3.0,3,0,0,0,2,3,14,1.667,0.0
Julio Urias*,19,LAD,5,2,3.39,18,15,1,0,77.0,81,32,29,5,31,84,336,1.455,0.6
Michael Wacha,24,STL,7,7,5.09,27,24,1,0,138.0,159,86,78,15,45,114,606,1.478,1.0
Daniel Webb,26,CHW,0,0,0.00,1,0,1,0,1.0,2,0,0,0,1,3,6,3.000,0.0
Tyler White,25,HOU,0,0,9.00,1,0,1,0,1.0,1,1,1,1,0,0,4,1.000,9.0
Trevor Williams,24,PIT,1,1,7.82,7,1,1,0,12.2,19,13,11,4,5,11,61,1.895,2.8
Madison Younginer,25,ATL,0,0,6.43,8,0,1,0,7.0,12,5,5,0,4,4,37,2.286,0.0
Rob Zastryzny*,24,CHC,1,0,1.13,8,1,1,0,16.0,12,3,2,0,5,17,66,1.063,0.0
Jordan Zimmermann,30,DET,9,7,4.87,19,18,1,0,105.1,118,63,57,14,26,66,450,1.367,1.2
Tim Adleman,28,CIN,4,4,4.00,13,13,0,0,69.2,64,32,31,13,20,47,287,1.206,1.7
Raul Alcantara,23,OAK,1,3,7.25,5,5,0,0,22.1,31,18,18,9,4,14,103,1.567,3.6
Brett Anderson*,28,LAD,1,2,11.91,4,3,0,0,11.1,25,15,15,4,4,5,62,2.559,3.2
Tyler Anderson*,26,COL,5,6,3.54,19,19,0,0,114.1,119,50,45,12,28,99,478,1.286,0.9
Dustin Antolin,26,TOR,0,0,13.50,1,0,0,0,2.0,4,3,3,1,1,1,11,2.500,4.5
Chris Archer,27,TBR,9,19,4.02,33,33,0,0,201.1,183,100,90,30,67,233,850,1.242,1.3
Jonathan Aro,25,SEA,0,0,0.00,1,0,0,0,0.2,1,0,0,0,1,0,4,3.000,0.0
Jake Arrieta,30,CHC,18,8,3.10,31,31,0,0,197.1,138,72,68,16,76,190,795,1.084,0.7
Alec Asher,24,PHI,2,1,2.28,5,5,0,0,27.2,22,11,7,1,4,13,111,0.940,0.3
Homer Bailey,30,CIN,2,3,6.65,6,6,0,0,23.0,35,19,17,2,7,27,111,1.826,0.8
Chris Bassitt,27,OAK,0,2,6.11,5,5,0,0,28.0,35,20,19,5,14,23,133,1.750,1.6
Jose Berrios,22,MIN,3,7,8.02,14,14,0,0,58.1,74,56,52,12,35,49,281,1.869,1.9
Chad Bettis,27,COL,14,8,4.79,32,32,0,0,186.0,204,107,99,22,59,138,814,1.414,1.1
Aaron Blair,24,ATL,2,7,7.59,15,15,0,0,70.0,82,61,59,14,34,46,324,1.657,1.8
Mike Bolsinger,28,LAD,1,4,6.83,6,6,0,0,27.2,33,21,21,7,9,25,122,1.518,2.3
Archie Bradley,23,ARI,8,9,5.02,26,26,0,0,141.2,154,84,79,16,67,143,638,1.560,1.0
Steven Brault*,24,PIT,0,3,4.86,8,7,0,0,33.1,45,26,18,5,17,29,166,1.860,1.4
Madison Bumgarner*,26,SFG,15,9,2.74,34,34,0,0,226.2,179,79,69,26,54,251,912,1.028,1.0
Eddie Butler,25,COL,2,5,7.17,17,9,0,0,64.0,87,57,51,13,21,47,293,1.688,1.8
Vicente Campos,23,ARI,0,0,3.18,1,0,0,0,5.2,4,3,2,2,2,4,24,1.059,3.2
Carlos Carrasco,29,CLE,11,8,3.32,25,25,0,0,146.1,134,64,54,21,34,150,599,1.148,1.3
Tyler Chatwood,26,COL,12,9,3.87,27,27,0,0,158.0,147,75,68,15,70,117,669,1.373,0.9
Wei-Yin Chen*,30,MIA,5,5,4.96,22,22,0,0,123.1,134,69,68,22,24,100,520,1.281,1.6
Alex Cobb,28,TBR,1,2,8.59,5,5,0,0,22.0,32,22,21,5,7,16,104,1.773,2.0
A.J. Cole,24,WSN,1,2,5.17,8,8,0,0,38.1,37,24,22,7,14,39,168,1.330,1.6
Gerrit Cole,25,PIT,7,10,3.88,21,21,0,0,116.0,131,57,50,7,36,98,506,1.440,0.5
Bartolo Colon,43,NYM,15,8,3.43,34,33,0,0,191.2,200,81,73,24,32,128,791,1.210,1.1
Adam Conley*,26,MIA,8,6,3.85,25,25,0,0,133.1,125,59,57,13,62,124,584,1.403,0.9
Jarred Cosart,26,TOT,0,4,6.00,13,13,0,0,57.0,61,41,38,4,39,38,268,1.754,0.6
Jharel Cotton,24,OAK,2,0,2.15,5,5,0,0,29.1,20,10,7,4,4,23,112,0.818,1.2
Johnny Cueto,30,SFG,18,5,2.79,32,32,0,0,219.2,195,71,68,15,45,198,881,1.093,0.6
John Danks*,31,CHW,0,4,7.25,4,4,0,0,22.1,28,20,18,5,11,16,100,1.746,2.0
Yu Darvish,29,TEX,7,5,3.41,17,17,0,0,100.1,81,43,38,12,31,132,416,1.116,1.1
Zach Davies,23,MIL,11,7,3.97,28,28,0,0,163.1,166,79,72,20,38,135,682,1.249,1.1
Grant Dayton*,28,LAD,0,1,2.05,25,0,0,0,26.1,14,7,6,4,6,39,101,0.759,1.4
Jorge De La Rosa*,35,COL,8,9,5.51,27,24,0,0,134.0,157,93,82,23,63,108,614,1.642,1.5
Jose De Leon,23,LAD,2,0,6.35,4,4,0,0,17.0,19,17,12,5,7,15,80,1.529,2.6
Jacob deGrom,28,NYM,7,8,3.04,24,24,0,0,148.0,142,53,50,15,36,143,604,1.203,0.9
Steve Delabar,32,CIN,0,0,6.75,7,0,0,0,8.0,5,6,6,1,10,10,40,1.875,1.1
Anthony DeSclafani,26,CIN,9,5,3.28,20,20,0,0,123.1,120,51,45,16,30,105,507,1.216,1.2
Ross Detwiler*,30,TOT,2,4,6.10,16,7,0,0,48.2,59,34,33,5,19,26,220,1.603,0.9
Dayan Diaz,27,CIN,0,0,9.45,6,0,0,0,6.2,10,9,7,2,7,3,36,2.550,2.7
Kyle Drabek,28,ARI,0,0,4.50,1,0,0,0,2.0,1,1,1,0,4,2,11,2.500,0.0
Tyler Duffey,25,MIN,9,12,6.43,26,26,0,0,133.0,167,103,95,25,32,114,596,1.496,1.7
Zach Eflin,22,PHI,3,5,5.54,11,11,0,0,63.1,67,42,39,12,17,31,272,1.326,1.7
Jerad Eickhoff,25,PHI,11,14,3.65,33,33,0,0,197.1,187,88,80,30,42,167,811,1.160,1.4
Robbie Erlin*,25,SDP,1,2,4.02,3,2,0,0,15.2,12,7,7,3,3,13,58,0.957,1.7
Jake Esch,26,MIA,0,1,5.54,3,3,0,0,13.0,17,8,8,4,6,10,59,1.769,2.8
Marco Estrada,32,TOR,9,9,3.48,29,29,0,0,176.0,132,73,68,23,65,165,723,1.119,1.2
Jose Fernandez,23,MIA,16,8,2.86,29,29,0,0,182.1,149,63,58,13,55,253,737,1.119,0.6
Mike Fiers,31,HOU,11,8,4.48,31,30,0,0,168.2,187,89,84,26,42,134,724,1.358,1.4
Brandon Finnegan*,23,CIN,10,11,3.98,31,31,0,0,172.0,150,86,76,29,84,145,734,1.360,1.5
Doug Fister,32,HOU,12,13,4.64,32,32,0,0,180.1,195,98,93,24,62,115,779,1.425,1.2
Yohan Flande*,30,COL,0,0,12.27,2,0,0,0,3.2,8,6,5,0,3,0,20,3.000,0.0
Kendry Flores,24,MIA,0,0,0.00,1,1,0,0,3.0,1,0,0,0,3,1,13,1.333,0.0
Mike Foltynewicz,24,ATL,9,5,4.31,22,22,0,0,123.1,125,61,59,18,35,111,525,1.297,1.3
Christian Friedrich*,28,SDP,5,12,4.80,24,23,0,0,129.1,131,74,69,13,52,100,567,1.415,0.9
Michael Fulmer,23,DET,11,7,3.06,26,26,0,0,159.0,136,57,54,16,42,132,647,1.119,0.9
Yovani Gallardo,30,BAL,6,8,5.42,23,23,0,0,118.0,126,74,71,16,61,85,526,1.585,1.2
Jaime Garcia*,29,STL,10,13,4.67,32,30,0,0,171.2,179,94,89,26,57,150,741,1.375,1.4
Perci Garner,27,CLE,0,0,4.82,8,0,0,0,9.1,12,6,5,0,5,12,46,1.821,0.0
Matt Garza,32,MIL,6,8,4.51,19,19,0,0,101.2,117,67,51,11,36,70,461,1.505,1.0
Kevin Gausman,25,BAL,9,12,3.61,30,30,0,0,179.2,183,76,72,28,47,174,757,1.280,1.4
Kyle Gibson,28,MIN,6,11,5.07,25,25,0,0,147.1,175,89,83,20,55,104,653,1.561,1.2
Tyler Glasnow,22,PIT,0,2,4.24,7,4,0,0,23.1,22,13,11,2,13,24,105,1.500,0.8
Ryan Goins,28,TOR,0,0,0.00,1,0,0,0,1.0,2,0,0,0,1,0,5,3.000,0.0
Chi Chi Gonzalez,24,TEX,0,2,8.71,3,3,0,0,10.1,21,13,10,1,9,7,62,2.903,0.9
Gio Gonzalez*,30,WSN,11,11,4.57,32,32,0,0,177.1,179,98,90,19,59,171,765,1.342,1.0
Miguel Gonzalez,32,CHW,5,8,3.73,24,23,0,0,135.0,132,61,56,11,35,95,566,1.237,0.7
J.R. Graham,26,MIN,0,0,10.80,1,0,0,0,1.2,3,2,2,0,1,2,9,2.400,0.0
Kendall Graveman,25,OAK,10,11,4.11,31,31,0,0,186.0,196,87,85,22,47,108,786,1.306,1.1
Jon Gray,24,COL,10,10,4.61,29,29,0,0,168.0,153,92,86,18,59,185,712,1.262,1.0
Sonny Gray,26,OAK,5,11,5.69,22,22,0,0,117.0,133,80,74,18,42,94,517,1.496,1.4
Zack Greinke,32,ARI,13,7,4.37,26,26,0,0,158.2,161,80,77,23,41,134,667,1.273,1.3
A.J. Griffin,28,TEX,7,4,5.07,23,23,0,0,119.0,116,68,67,28,46,107,509,1.361,2.1
Robert Gsellman,22,NYM,4,2,2.42,8,7,0,0,44.2,42,12,12,1,15,42,185,1.276,0.2
Mayckol Guaipe,25,SEA,0,0,4.91,5,0,0,0,7.1,8,6,4,0,4,5,34,1.636,0.0
Junior Guerra,31,MIL,9,3,2.81,20,20,0,0,121.2,94,40,38,10,43,100,492,1.126,0.7
Jesse Hahn,26,OAK,2,4,6.02,9,9,0,0,46.1,57,32,31,8,19,23,203,1.640,1.6
David Hale,28,COL,0,0,13.50,2,0,0,0,2.0,4,3,3,1,2,1,12,3.000,4.5
Cole Hamels*,32,TEX,15,5,3.32,32,32,0,0,200.2,185,83,74,24,77,200,848,1.306,1.1
Jason Hammel,33,CHC,15,10,3.83,30,30,0,0,166.2,148,77,71,25,53,144,692,1.206,1.4
J.A. Happ*,33,TOR,20,4,3.18,32,32,0,0,195.0,168,72,69,22,60,163,796,1.169,1.0
Lucas Harrell,31,TOT,3,2,4.21,9,9,0,0,47.0,46,24,22,4,25,36,208,1.511,0.8
Matt Harvey,27,NYM,4,10,4.86,17,17,0,0,92.2,111,55,50,8,25,76,402,1.468,0.8
Steve Hathaway*,25,ARI,0,0,4.91,24,0,0,0,14.2,18,8,8,1,6,15,65,1.636,0.6
Andrew Heaney*,25,LAA,0,1,6.00,1,1,0,0,6.0,7,4,4,2,0,7,25,1.167,3.0
Jeremy Hellickson,29,PHI,12,10,3.71,32,32,0,0,189.0,173,86,78,24,45,154,772,1.153,1.1
Kyle Hendricks,26,CHC,16,8,2.13,31,30,0,0,190.0,142,53,45,15,44,170,745,0.979,0.7
Felix Hernandez,30,SEA,11,8,3.82,25,25,0,0,153.1,138,76,65,19,65,122,655,1.324,1.1
Roberto Hernandez,35,ATL,1,1,8.00,2,2,0,0,9.0,13,8,8,4,1,6,39,1.556,4.0
Chris Heston,28,SFG,1,1,10.80,4,0,0,0,5.0,9,6,6,0,6,3,29,3.000,0.0
Rich Hill*,36,TOT,12,5,2.12,20,20,0,0,110.1,77,29,26,4,33,129,439,0.997,0.3
Jeff Hoffman,23,COL,0,4,4.88,8,6,0,0,31.1,37,29,17,7,17,22,147,1.723,2.0
Derek Holland*,29,TEX,7,9,4.95,22,20,0,0,107.1,116,62,59,15,35,67,461,1.407,1.3
T.J. House*,26,CLE,0,0,3.38,4,0,0,0,2.2,6,1,1,0,0,2,14,2.250,0.0
David Huff*,31,LAA,0,2,11.81,2,2,0,0,5.1,13,10,7,4,2,3,32,2.813,6.8
Phil Hughes,30,MIN,1,7,5.95,12,11,0,0,59.0,76,40,39,11,13,34,259,1.508,1.7
Jason Hursh,24,ATL,0,0,33.75,2,0,0,0,1.1,4,5,5,0,3,1,11,5.250,0.0
Hisashi Iwakuma,35,SEA,16,12,4.12,33,33,0,0,199.0,218,95,91,28,46,147,836,1.327,1.3
Erik Johnson,26,TOT,0,6,8.33,6,6,0,0,31.1,46,29,29,14,11,21,146,1.819,4.0
Scott Kazmir*,32,LAD,10,6,4.56,26,26,0,0,136.1,133,71,69,21,52,134,590,1.357,1.4
Ian Kennedy,31,KCR,11,11,3.68,33,33,0,0,195.2,173,81,80,33,66,184,818,1.221,1.5
Logan Kensing,33,DET,0,0,1.93,3,0,0,0,4.2,8,1,1,0,2,1,21,2.143,0.0
Clayton Kershaw*,28,LAD,12,4,1.69,21,21,0,0,149.0,97,31,28,8,11,172,544,0.725,0.5
Dallas Keuchel*,28,HOU,9,12,4.55,26,26,0,0,168.0,168,88,85,20,48,144,701,1.286,1.1
Michael Kirkman*,29,TOT,0,0,19.29,2,0,0,0,2.1,7,5,5,0,1,1,15,3.429,0.0
Corey Kluber,30,CLE,18,9,3.14,32,32,0,0,215.0,170,82,75,22,57,227,860,1.056,0.9
Tom Koehler,30,MIA,9,13,4.33,33,33,0,0,176.2,176,93,85,22,83,147,774,1.466,1.1
Chad Kuhl,23,PIT,5,4,4.20,14,14,0,0,70.2,73,34,33,7,20,53,301,1.316,0.9
John Lackey,37,CHC,11,8,3.35,29,29,0,0,188.1,146,74,70,23,53,180,748,1.057,1.1
John Lamb*,25,CIN,1,7,6.43,14,14,0,0,70.0,84,54,50,14,31,58,318,1.643,1.8
Mike Leake,28,STL,9,12,4.69,30,30,0,0,176.2,203,101,92,20,30,125,757,1.319,1.0
Arnold Leon,27,TOR,0,0,7.71,2,0,0,0,2.1,3,2,2,1,1,2,11,1.714,3.9
Jon Lester*,32,CHC,19,5,2.44,32,32,0,0,202.2,154,57,55,21,52,197,796,1.016,0.9
Colby Lewis,36,TEX,6,5,3.71,19,19,0,0,116.1,103,53,48,19,28,73,472,1.126,1.5
Tim Lincecum,32,LAA,2,6,9.16,9,9,0,0,38.1,68,41,39,11,23,32,200,2.374,2.6
Francisco Liriano*,32,TOT,8,13,4.69,31,29,0,0,163.0,157,98,85,26,85,168,731,1.485,1.4
Kyle Lohse,37,TEX,0,2,12.54,2,2,0,0,9.1,15,13,13,4,5,3,48,2.143,3.9
Kenta Maeda,28,LAD,16,11,3.48,32,32,0,0,175.2,150,72,68,20,50,179,716,1.139,1.0
Sean Manaea*,24,OAK,7,9,3.86,25,24,0,0,144.2,135,65,62,20,37,124,594,1.189,1.2
Justin Marks*,28,TBR,0,0,1.00,4,0,0,0,9.0,7,1,1,1,9,6,42,1.778,1.0
German Marquez,21,COL,1,1,5.23,6,3,0,0,20.2,28,12,12,2,6,15,98,1.645,0.9
Carlos Martinez,24,STL,16,9,3.04,31,31,0,0,195.1,169,68,66,15,70,174,809,1.224,0.7
Steven Matz*,25,NYM,9,8,3.40,22,22,0,0,132.1,129,53,50,14,31,129,547,1.209,1.0
Mike Mayers,24,STL,1,1,27.00,4,1,0,0,5.1,16,16,16,3,3,2,35,3.563,5.1
Vin Mazzaro,29,SFG,1,0,54.00,2,0,0,0,1.0,7,9,6,0,1,0,13,8.000,0.0
Brandon McCarthy,32,LAD,2,3,4.95,10,9,0,0,40.0,29,24,22,2,26,44,171,1.375,0.5
Lance McCullers,22,HOU,6,5,3.22,14,14,0,0,81.0,80,29,29,5,45,106,352,1.543,0.6
Collin McHugh,29,HOU,13,10,4.34,33,33,0,0,184.2,206,92,89,25,54,177,796,1.408,1.2
Kris Medlen,30,KCR,1,3,7.77,6,6,0,0,24.1,30,25,21,2,20,18,119,2.055,0.7
Adalberto Mejia*,23,MIN,0,0,7.71,1,0,0,0,2.1,5,2,2,0,1,0,13,2.571,0.0
Tim Melville,26,CIN,0,1,11.00,3,2,0,0,9.0,16,12,11,5,9,8,54,2.778,5.0
Yohander Mendez*,21,TEX,0,0,18.00,2,0,0,0,3.0,5,6,6,0,2,0,17,2.333,0.0
Daniel Mengden,23,OAK,2,9,6.50,14,14,0,0,72.0,83,54,52,9,33,71,332,1.611,1.1
Alex Meyer,26,TOT,1,3,5.68,7,6,0,0,25.1,25,16,16,3,17,29,117,1.658,1.1
Wade Miley*,29,TOT,9,13,5.37,30,30,0,0,166.0,187,100,99,25,49,137,711,1.422,1.4
Shelby Miller,25,ARI,3,12,6.15,20,20,0,0,101.0,127,72,69,14,42,70,460,1.673,1.2
Bryan Mitchell,25,NYY,1,2,3.24,5,5,0,0,25.0,26,13,9,1,12,11,107,1.520,0.4
Matt Moore*,27,TOT,13,12,4.08,33,33,0,0,198.1,184,93,90,25,72,178,838,1.291,1.1
Shawn Morimando*,23,CLE,0,0,11.57,2,0,0,0,4.2,9,6,6,2,5,5,27,3.000,3.9
Charlie Morton,32,PHI,1,1,4.15,4,4,0,0,17.1,15,8,8,1,8,19,71,1.327,0.5
Jon Moscot,24,CIN,0,3,8.02,5,5,0,0,21.1,26,22,19,10,10,10,105,1.688,4.2
Jimmy Nelson,27,MIL,8,16,4.62,32,32,0,0,179.1,186,108,92,25,86,140,807,1.517,1.3
Justin Nicolino*,24,MIA,3,6,4.99,18,13,0,0,79.1,96,45,44,8,20,37,346,1.462,0.9
Aaron Nola,23,PHI,6,9,4.78,20,20,0,0,111.0,116,68,59,10,29,121,483,1.306,0.8
Ricky Nolasco,33,TOT,8,14,4.42,32,32,0,0,197.2,202,104,97,26,44,144,817,1.245,1.2
Jake Odorizzi,26,TBR,10,6,3.69,33,33,0,0,187.2,170,80,77,29,54,166,773,1.194,1.4
Henry Owens*,23,BOS,0,2,6.95,5,5,0,0,22.0,23,17,17,5,20,21,103,1.955,2.0
Curtis Partch,29,PIT,0,0,40.50,2,0,0,0,0.2,2,3,3,0,2,0,6,6.000,0.0
James Paxton*,27,SEA,6,7,3.79,20,20,0,0,121.0,134,62,51,9,24,117,511,1.306,0.7
Mike Pelfrey,32,DET,4,10,5.07,24,22,0,0,119.0,160,76,67,15,46,56,541,1.731,1.1
Ariel Pena,27,MIL,0,0,27.00,1,0,0,0,1.2,5,5,5,3,2,0,11,4.200,16.2
Wily Peralta,27,MIL,7,11,4.86,23,23,0,0,127.2,152,73,69,19,43,93,554,1.527,1.3
Martin Perez*,25,TEX,10,11,4.39,33,33,0,0,198.2,205,110,97,18,76,103,855,1.414,0.8
Williams Perez,25,ATL,2,3,6.04,11,11,0,0,53.2,57,37,36,7,15,27,233,1.342,1.2
Zach Phillips*,29,PIT,0,0,2.70,8,0,0,0,6.2,8,2,2,1,1,6,28,1.350,1.4
Branden Pinder,27,NYY,0,0,18.00,1,0,0,0,1.0,3,2,2,0,1,1,6,4.000,0.0
Michael Pineda,27,NYY,6,12,4.82,32,32,0,0,175.2,184,98,94,27,53,207,756,1.349,1.4
Rick Porcello,27,BOS,22,4,3.15,33,33,0,0,223.0,193,85,78,23,32,189,890,1.009,0.9
David Price*,30,BOS,17,9,3.99,35,35,0,0,230.0,227,106,102,30,50,228,951,1.204,1.2
Jose Quintana*,27,CHW,13,12,3.20,32,32,0,0,208.0,192,76,74,22,50,181,837,1.163,1.0
Robbie Ray*,24,ARI,8,15,4.90,32,32,0,0,174.1,185,105,95,24,71,218,776,1.468,1.2
Colin Rea,25,TOT,5,5,4.82,20,19,0,0,102.2,102,63,55,12,44,80,454,1.422,1.1
Cody Reed*,23,CIN,0,7,7.36,10,10,0,0,47.2,67,47,39,12,19,43,230,1.804,2.3
Garrett Richards,28,LAA,1,3,2.34,6,6,0,0,34.2,31,16,9,2,15,34,148,1.327,0.5
Tanner Roark,29,WSN,16,10,2.83,34,33,0,0,210.0,173,72,66,17,73,172,855,1.171,0.7
Carlos Rodon*,23,CHW,9,10,4.04,28,28,0,0,165.0,176,82,74,23,54,168,715,1.394,1.3
Eduardo Rodriguez*,23,BOS,3,7,4.71,20,20,0,0,107.0,99,58,56,16,40,100,458,1.299,1.3
Joe Ross,23,WSN,7,5,3.43,19,19,0,0,105.0,108,43,40,9,29,93,447,1.305,0.8
Tyson Ross,29,SDP,0,1,11.81,1,1,0,0,5.1,9,8,7,0,1,5,27,1.875,0.0
Hyun-Jin Ryu*,29,LAD,0,1,11.57,1,1,0,0,4.2,8,6,6,1,2,4,24,2.143,1.9
CC Sabathia*,35,NYY,9,12,3.91,30,30,0,0,179.2,172,83,78,22,65,152,768,1.319,1.1
Danny Salazar,26,CLE,11,6,3.87,25,25,0,0,137.1,121,61,59,16,63,161,584,1.340,1.0
Chris Sale*,27,CHW,17,10,3.34,32,32,0,0,226.2,190,88,84,27,45,233,907,1.037,1.1
Jeff Samardzija,31,SFG,12,11,3.81,32,32,0,0,203.1,190,88,86,24,54,167,829,1.200,1.1
Adrian Sampson,24,SEA,0,1,7.71,1,1,0,0,4.2,8,4,4,2,1,2,21,1.929,3.9
Aaron Sanchez,23,TOR,15,2,3.00,30,30,0,0,192.0,161,69,64,15,63,161,790,1.167,0.7
Ervin Santana,33,MIN,7,11,3.38,30,30,0,0,181.1,168,78,68,19,53,149,748,1.219,0.9
Hector Santiago*,28,TOT,13,10,4.70,33,33,0,0,182.0,169,100,95,33,79,144,785,1.363,1.6
Max Scherzer,31,WSN,20,7,2.96,34,34,0,0,228.1,165,77,75,31,56,284,902,0.968,1.2
Evan Scribner,30,SEA,0,0,0.00,12,0,0,0,14.0,5,0,0,0,2,15,49,0.500,0.0
James Shields,34,TOT,6,19,5.85,33,33,0,0,181.2,208,122,118,40,82,135,822,1.596,2.0
Braden Shipley,24,ARI,4,5,5.27,13,11,0,0,70.0,80,43,41,14,28,43,306,1.543,1.8
Matt Shoemaker,29,LAA,9,13,3.88,27,27,0,0,160.0,166,71,69,18,30,143,668,1.225,1.0
Tyler Skaggs*,24,LAA,3,4,4.17,10,10,0,0,49.2,51,23,23,5,23,50,219,1.490,0.9
Carson Smith,26,BOS,0,0,0.00,3,0,0,0,2.2,2,1,0,0,1,2,11,1.125,0.0
Drew Smyly*,27,TBR,7,12,4.88,30,30,0,0,175.1,174,103,95,32,49,167,738,1.272,1.6
Blake Snell*,23,TBR,6,8,3.54,19,19,0,0,89.0,93,44,35,5,51,98,401,1.618,0.5
Robert Stephenson,23,CIN,2,3,6.08,8,8,0,0,37.0,41,26,25,9,19,31,170,1.622,2.2
Brock Stewart,24,LAD,2,2,5.79,7,5,0,0,28.0,33,18,18,7,12,25,126,1.607,2.3
Dan Straily,27,CIN,14,8,3.76,34,31,0,0,191.1,154,80,80,31,73,162,792,1.186,1.5
Stephen Strasburg,27,WSN,15,4,3.60,24,24,0,0,147.2,119,59,59,15,44,183,598,1.104,0.9
Marcus Stroman,25,TOR,9,10,4.37,32,32,0,0,204.0,209,104,99,21,54,166,855,1.289,0.9
Eric Surkamp*,28,OAK,0,5,6.98,9,9,0,0,38.2,55,32,30,8,21,22,197,1.966,1.9
Noah Syndergaard,23,NYM,14,9,2.60,31,30,0,0,183.2,168,61,53,11,43,218,744,1.149,0.5
Jameson Taillon,24,PIT,5,4,3.38,18,18,0,0,104.0,99,40,39,13,17,85,418,1.115,1.1
Masahiro Tanaka,27,NYY,14,4,3.07,31,31,0,0,199.2,179,75,68,22,36,165,805,1.077,1.0
Julio Teheran,25,ATL,7,10,3.21,30,30,0,0,188.0,157,70,67,22,41,167,758,1.053,1.1
Nick Tepesch,27,LAD,0,1,11.25,1,1,0,0,4.0,7,5,5,1,0,3,19,1.750,2.3
Jake Thompson,22,PHI,3,6,5.70,10,10,0,0,53.2,53,34,34,10,28,32,237,1.509,1.7
Chris Tillman,28,BAL,16,6,3.77,30,30,0,0,172.0,155,73,72,19,66,140,715,1.285,1.0
Nick Tropeano,25,LAA,3,2,3.56,13,13,0,0,68.1,70,27,27,14,31,68,296,1.478,1.8
Cesar Vargas,24,SDP,0,3,5.03,7,7,0,0,34.0,41,19,19,5,15,28,154,1.647,1.3
Jason Vargas*,33,KCR,0,0,2.25,3,3,0,0,12.0,8,3,3,1,3,11,47,0.917,0.8
Vince Velasquez,24,PHI,8,6,4.12,24,24,0,0,131.0,129,64,60,21,45,152,551,1.328,1.4
Yordano Ventura,25,KCR,11,12,4.45,32,32,0,0,186.0,190,96,92,23,78,144,816,1.441,1.1
Justin Verlander,33,DET,16,9,3.04,34,34,0,0,227.2,171,81,77,30,57,254,903,1.001,1.2
Edinson Volquez,32,KCR,10,11,5.37,34,34,0,0,189.1,217,124,113,23,76,139,853,1.548,1.1
Tyler Wagner,25,ARI,1,0,1.80,3,0,0,0,10.0,9,3,2,0,2,7,40,1.100,0.0
Adam Wainwright,34,STL,13,9,4.62,33,33,0,0,198.2,220,108,102,22,59,161,847,1.404,1.0
Taijuan Walker,23,SEA,8,11,4.22,25,25,0,0,134.1,129,75,63,27,37,119,573,1.236,1.8
Jered Weaver,33,LAA,12,12,5.06,31,31,0,0,178.0,209,106,100,37,51,103,767,1.461,1.9
Luke Weaver,22,STL,1,4,5.70,9,8,0,0,36.1,46,29,23,7,12,45,167,1.596,1.7
Robert Whalen,22,ATL,1,2,6.57,5,5,0,0,24.2,20,20,18,4,12,25,110,1.297,1.5
Chase Whitley,27,TBR,0,0,2.51,5,1,0,0,14.1,13,7,4,2,3,15,61,1.116,1.3
Joe Wieland,26,SEA,0,1,10.80,1,1,0,0,5.0,9,6,6,1,0,3,23,1.800,1.8
Daniel Winkler,26,ATL,0,0,0.00,3,0,0,0,2.1,0,0,0,0,1,4,8,0.429,0.0
Alex Wood*,25,LAD,1,4,3.73,14,10,0,0,60.1,56,30,25,5,20,66,255,1.260,0.7
Daniel Wright,25,TOT,1,5,6.13,9,7,0,0,39.2,57,32,27,7,8,21,179,1.639,1.6
Steven Wright,31,BOS,13,6,3.33,24,24,0,0,156.2,138,74,58,12,57,127,656,1.245,0.7